ANDHRA BANK,ANDRA
AXIS BANK,AXIS
AXIS BANK CORPORATE,AXIS
AXIS BANK LTD - CORPORATE,AXIS
AXIS BANK LTD - RETAIL,AXIS
BANDHAN BANK LIMITED,BANDHAN
BANK OF BARODA,BOB
BANK OF INDIA,BOI
BANK OF MAHARASHTRA,BOM
CANARA BANK,CANARA
CENTRAL BANK OF INDIA,CBI
CITIBANK NA,CITI
CITY UNION BANK LTD,CUB
CORPORATION BANK,CORP
DBS BANK LTD,DBS
DCB BANK LIMITED,DCB
DENA BANK,DENA
DEUTSCHE BANK,DEUTSCHE
HDFC BANK LTD,HDFC
HSBC BANK (BUSINESS BANKING),HSBC
HSBC BANK (PERSONAL BANKING),HSBC
ICICI BANK LTD,ICICI
IDBI BANK LTD,IDBI
IDFC BANK LIMITED,IDFC
IDFC BANK LIMITED - Working Capital,IDFC
IDFC FIRST BANK,IDFC
INDIAN BANK,INDIAN
INDIAN OVERSEAS BANK,IOB
INDUSIND BANK LTD,INDUSIND
Janaseva Sahakari Bank Ltd,JANASEVA
KARNATAKA BANK LTD,KARNATAKA
KARUR VYSYA BANK,KVB
KOTAK MAHINDRA BANK,KOTAK
LAXMI VILAS BANK,LVB
ORIENTAL BANK OF COMMERCE,OBC
PUNJAB AND MAHARASHTRA CO-OP BANK LTD.,PMC
PUNJAB NATIONAL BANK,PNB
RBL- THE RATNAKAR BANK LTD,RBL
SOUTH INDIAN BANK,SOUTH-IND
STANDARD CHARTERED BANK,SC
STATE BANK OF INDIA,SBI
SYNDICATE BANK,SYNDICATE
TAMILNAD MERCANTILE BANK LTD,TMB
THE BHARAT CO-OPERATIVE BANK (MUMBAI) LTD,BHARAT
THE COSMOS CO-OPERATIVE BANK LTD.,COSMOS
THE FEDERAL BANK LTD,FED
THE JAMMU AND KASHMIR BANK LTD,JK
THE SARASWAT CO-OPERATIVE BANK LTD,SARASWAT
UNION BANK OF INDIA,UNION
UNITED BANK OF INDIA,UNITED
VIJAYA BANK,VIJAYA
YES BANK LTD,YES
